112;philippine08@club-internet.fr;["ROLE_PARTICIPANT"];$2y$13$iMG76ImOG9pxqgunl9SyQewtGRBWLphJZ0T2Ea4c1k6klU5CKHzd6;Luc_Pereira;Pereira;Luc;+33 6 86 44 79 05;1;Photo_Profil_Defaut_Test.png;2023-07-26 19:14:05;31
113;yjean@gmail.com;["ROLE_PARTICIPANT"];$2y$13$bE2QrtypnOqIvYKJOejTteZwp3wgr5CyEzzePII.VdaynmpBxCmCi;Suzanne_Laporte;Laporte;Suzanne;+33 8 13 85 49 19;1;Photo_Profil_Defaut_Test.png;2023-07-26 19:14:06;32
114;charles.bazin@wanadoo.fr;["ROLE_PARTICIPANT"];$2y$13$npKd3uaBEYQTb65Vj8E1ouBw2iEwxjU.aCnTmEOYE/StFioiWrSeS;Michelle_Martineau;Martineau;Michelle;0428937750;1;Photo_Profil_Defaut_Test.png;2023-07-26 19:14:06;33
115;margaux.pages@noos.fr;["ROLE_PARTICIPANT"];$2y$13$Bg5H6Ml3pwU2f/LbP.ObJebHIEF1HdMV2O4L5KSHfhadjVZQmnixO;Emmanuelle_Pruvost;Pruvost;Emmanuelle;09 50 20 72 09;1;Photo_Profil_Defaut_Test.png;2023-07-26 19:14:07;33
116;francoise02@faivre.fr;["ROLE_PARTICIPANT"];$2y$13$HvHaCVfwCgKnAdWUQZ0OmupqAwREP0jvi4p8lpbfNXube/EgEmNR2;Corinne_Martin;Martin;Corinne;0986000475;1;Photo_Profil_Defaut_Test.png;2023-07-26 19:14:07;31
117;charlotte.benoit@gomes.com;["ROLE_PARTICIPANT"];$2y$13$Ufyx/ND4fr/N3bnNGCzEO.wUW7VrOj8wzHw.oVOCMry07Vq.Fcb52;Alice_Bouchet;Bouchet;Alice;+33 5 15 08 66 71;1;Photo_Profil_Defaut_Test.png;2023-07-26 19:14:07;33
118;laetitia.barbier@mercier.net;["ROLE_PARTICIPANT"];$2y$13$uEwJJeCPqScOH537bcwzKu8qMtcAtya7z1VdxFYij2N4q5XAZVOV2;William_Reynaud;Reynaud;William;+33 2 02 99 81 84;1;Photo_Profil_Defaut_Test.png;2023-07-26 19:14:08;32
119;wmendes@collet.org;["ROLE_PARTICIPANT"];$2y$13$Ya97wKofDSkhTkbGFGo08etsKLvqakivCSbI.aYmFQmYXIeiqkan6;Marguerite_Lemoine;Lemoine;Marguerite;05 90 10 49 28;1;Photo_Profil_Defaut_Test.png;2023-07-26 19:14:08;31
120;martins.marc@boucher.com;["ROLE_PARTICIPANT"];$2y$13$i8X4I2RFxAfF7NJXpdokKeAzYUsM6tQ7wxLN898bZ2SJ/Fhci3FMe;Henri_Delorme;Delorme;Henri;+33 (0)1 21 87 14 29;1;Photo_Profil_Defaut_Test.png;2023-07-26 19:14:08;31
121;emaillet@laposte.net;["ROLE_PARTICIPANT"];$2y$13$fjRCvuXFIsjV0WGegzB0GukY7bvGi/FktS6Uiq9hb/6PfJGu7zDbO;Corinne_Muller;Muller;Corinne;09 93 43 23 18;1;Photo_Profil_Defaut_Test.png;2023-07-26 19:14:09;31
